{
  "i18n/i18n.properties": 1755062613988,
  "Component.js": 1755062597400,
  "ext/controller/Error.js": 1755077209116,
  "ext/controller/CustomFields.js": 1755077209116,
  "manifest.json": 1755078473236,
  "ext/controller/Tion.js": 1755077209116,
  "ext/controller/Error-dbg.js": 1755077209116,
  "ext/controller/Error.js.map": 1755081144448,
  "Component-dbg.js": 1755062597400,
  "Component.js.map": 1755081144447,
  "ext/controller/CustomFields-dbg.js": 1755077209116,
  "ext/controller/CustomFields.js.map": 1755081144447,
  "ext/controller/Tion-dbg.js": 1755077209116,
  "ext/controller/Tion.js.map": 1755081144448,
  "Component-preload.js": 1755081144520,
  "Component-preload.js.map": 1755081144520,
  "ext/fragments/ReProcess.fragment.xml": 1755077532193,
  "ext/fragments/Error1.fragment.xml": 1755077549953,
  "index.html": 1755062597400
}