{
  "Component.js": 1754541918984,
  "ext/controller/CustomFields.js": 1754541918984,
  "ext/controller/Error.js": 1754541918984,
  "ext/controller/Tion.js": 1754541918984,
  "manifest.json": 1754636024695,
  "i18n/i18n.properties": 1754541918984,
  "ext/controller/Error-dbg.js": 1754541918984,
  "ext/controller/Error.js.map": 1754916612915,
  "ext/controller/CustomFields-dbg.js": 1754541918984,
  "ext/controller/CustomFields.js.map": 1754916612913,
  "ext/controller/Tion-dbg.js": 1754541918984,
  "ext/controller/Tion.js.map": 1754916612913,
  "Component-dbg.js": 1754541918984,
  "Component.js.map": 1754916612913,
  "Component-preload.js": 1754916613014,
  "Component-preload.js.map": 1754916613014,
  "ext/fragments/ReProcess.fragment.xml": 1754541918984,
  "ext/fragments/Error.fragment.xml": 1754541918984,
  "index.html": 1754541918984
}