{
  "ext/controller/CustomFields.js": 1754386749448,
  "manifest.json": 1754474342003,
  "ext/controller/Error.js": 1754474342003,
  "i18n/i18n.properties": 1754474342003,
  "ext/controller/Tion.js": 1754386749448,
  "Component.js": 1754386749448,
  "Component-dbg.js": 1754386749448,
  "Component.js.map": 1754479498459,
  "ext/controller/CustomFields-dbg.js": 1754386749448,
  "ext/controller/CustomFields.js.map": 1754479498460,
  "ext/controller/Tion-dbg.js": 1754386749448,
  "ext/controller/Tion.js.map": 1754479498459,
  "ext/controller/Error-dbg.js": 1754474342003,
  "ext/controller/Error.js.map": 1754479498459,
  "Component-preload.js": 1754479498558,
  "Component-preload.js.map": 1754479498558,
  "ext/fragments/ReProcess.fragment.xml": 1754386749448,
  "ext/fragments/Error.fragment.xml": 1754474342003,
  "index.html": 1754386749448
}