{
  "model/models.js.map": 1754916607631,
  "model/models.js": 1754541918984,
  "controller/View1.controller.js": 1754802498556,
  "controller/App.controller.js": 1754541918984,
  "manifest.json": 1754802560156,
  "Component.js": 1754541918984,
  "controller/View1-dbg.controller.js": 1754802498556,
  "controller/View1.controller.js.map": 1754916607639,
  "model/models-dbg.js": 1754541918984,
  "i18n/i18n.properties": 1754541918984,
  "controller/App-dbg.controller.js": 1754541918984,
  "controller/App.controller.js.map": 1754916607634,
  "Component-dbg.js": 1754541918984,
  "Component.js.map": 1754916607641,
  "Component-preload.js": 1754916607719,
  "Component-preload.js.map": 1754916607719,
  "view/View1.view.xml": 1754541918984,
  "view/App.view.xml": 1754541918984,
  "css/style.css": 1754541918984,
  "index.html": 1754541918984
}