{
  "Component.js.map": 1754479494250,
  "manifest.json": 1753600120132,
  "controller/View1.controller.js": 1753600109860,
  "controller/App.controller.js": 1753600114968,
  "model/models.js": 1753600092864,
  "Component.js": 1753600130760,
  "controller/View1-dbg.controller.js": 1753600109860,
  "controller/View1.controller.js.map": 1754479494254,
  "controller/App-dbg.controller.js": 1753600114968,
  "controller/App.controller.js.map": 1754479494256,
  "model/models-dbg.js": 1753600092864,
  "model/models.js.map": 1754479494250,
  "Component-dbg.js": 1753600130760,
  "i18n/i18n.properties": 1753600096716,
  "Component-preload.js": 1754479494337,
  "Component-preload.js.map": 1754479494337,
  "view/View1.view.xml": 1753600068519,
  "view/App.view.xml": 1753600078543,
  "css/style.css": 1753600103780,
  "index.html": 1753600127380
}