{
  "i18n/i18n.properties": 1754541918984,
  "manifest.json": 1754541918984,
  "controller/View1.controller.js": 1754541918984,
  "controller/App.controller.js": 1754541918984,
  "model/models.js": 1754541918984,
  "Component.js": 1754541918984,
  "controller/View1-dbg.controller.js": 1754541918984,
  "controller/View1.controller.js.map": 1754646634279,
  "controller/App-dbg.controller.js": 1754541918984,
  "controller/App.controller.js.map": 1754646634284,
  "model/models-dbg.js": 1754541918984,
  "model/models.js.map": 1754646634277,
  "Component-dbg.js": 1754541918984,
  "Component.js.map": 1754646634280,
  "Component-preload.js": 1754646634362,
  "Component-preload.js.map": 1754646634362,
  "view/View1.view.xml": 1754541918984,
  "view/App.view.xml": 1754541918984,
  "css/style.css": 1754541918984,
  "index.html": 1754541918984
}